year,department,total_grants_every_year_department,total_grants_every_year,percentage
2002/2003,AGRICULTURE AND AGRI-FOOD,814602098,42934821625,1.90%
2002/2003,CANADA CUSTOMS AND REVENUE AGENCY,239589411,42934821625,0.56%
2002/2003,CANADIAN HERITAGE,569103162,42934821625,1.33%
2002/2003,CITIZENSHIP AND IMMIGRATION,290909540,42934821625,0.68%
2002/2003,ENVIRONMENT,52439898,42934821625,0.12%
2002/2003,FINANCE,27996472987,42934821625,65.21%
2002/2003,FISHERIES AND OCEANS,103967735,42934821625,0.24%
2002/2003,FOREIGN AFFAIRS AND INTERNATIONAL TRADE,2002340256,42934821625,4.66%
2002/2003,GOVERNOR GENERAL,219746,42934821625,0.00%
2002/2003,HEALTH,1514548568,42934821625,3.53%
2002/2003,HUMAN RESOURCES DEVELOPMENT,1522592426,42934821625,3.55%
2002/2003,INDIAN AFFAIRS AND NORTHERN DEVELOPMENT,4572442327,42934821625,10.65%
2002/2003,INDUSTRY,2220857082,42934821625,5.17%
2002/2003,JUSTICE,380801698,42934821625,0.89%
2002/2003,NATIONAL DEFENCE,103637922,42934821625,0.24%
2002/2003,NATURAL RESOURCES,144624697,42934821625,0.34%
2002/2003,PARLIAMENT,725755,42934821625,0.00%
2002/2003,PRIVY COUNCIL,3547868,42934821625,0.01%
2002/2003,PUBLIC WORKS AND GOVERNMENT SERVICES,3501363,42934821625,0.01%
2002/2003,SOLICITOR GENERAL,45084985,42934821625,0.11%
2002/2003,TRANSPORT,314820961,42934821625,0.73%
2002/2003,TREASURY BOARD,17096678,42934821625,0.04%
2002/2003,VETERANS AFFAIRS,20894462,42934821625,0.05%
2003/2004,AGRICULTURE AND AGRI-FOOD,953372055,51095507575,1.87%
2003/2004,ATLANTIC CANADA OPPORTUNITIES AGENCY,303736747,51095507575,0.59%
2003/2004,CANADA CUSTOMS AND REVENUE AGENCY,142770534,51095507575,0.28%
2003/2004,CANADIAN HERITAGE,557950999,51095507575,1.09%
2003/2004,CITIZENSHIP AND IMMIGRATION,332691732,51095507575,0.65%
2003/2004,ENVIRONMENT,309422887,51095507575,0.61%
2003/2004,FINANCE,32358097264,51095507575,63.33%
2003/2004,FISHERIES AND OCEANS,74311344,51095507575,0.15%
2003/2004,FOREIGN AFFAIRS AND INTERNATIONAL TRADE,2252267402,51095507575,4.41%
2003/2004,GOVERNOR GENERAL,224208,51095507575,0.00%
2003/2004,HEALTH,2851481557,51095507575,5.58%
2003/2004,HUMAN RESOURCES DEVELOPMENT,1584590161,51095507575,3.10%
2003/2004,INDIAN AFFAIRS AND NORTHERN DEVELOPMENT,4734717081,51095507575,9.27%
2003/2004,INDUSTRY,2827892861,51095507575,5.53%
2003/2004,JUSTICE,379229686,51095507575,0.74%
2003/2004,NATIONAL DEFENCE,217071968,51095507575,0.42%
2003/2004,NATURAL RESOURCES,467884372,51095507575,0.92%
2003/2004,PARLIAMENT,865841,51095507575,0.00%
2003/2004,PRIVY COUNCIL,32433833,51095507575,0.06%
2003/2004,PUBLIC WORKS AND GOVERNMENT SERVICES,-1388341,51095507575,0.00%
2003/2004,SOLICITOR GENERAL,65122764,51095507575,0.13%
2003/2004,TRANSPORT,360137884,51095507575,0.70%
2003/2004,TREASURY BOARD,16174929,51095507575,0.03%
2003/2004,VETERANS AFFAIRS,21962986,51095507575,0.04%
2003/2004,WESTERN ECONOMIC DIVERSIFICATION,252484821,51095507575,0.49%
2004/2005,AGRICULTURE AND AGRI-FOOD,824439824,55815229134,1.48%
2004/2005,ATLANTIC CANADA OPPORTUNITIES AGENCY,315205559,55815229134,0.56%
2004/2005,CANADA CUSTOMS AND REVENUE AGENCY,154351176,55815229134,0.28%
2004/2005,CANADIAN HERITAGE,884127452,55815229134,1.58%
2004/2005,CITIZENSHIP AND IMMIGRATION,342609923,55815229134,0.61%
2004/2005,ECONOMIC DEVELOPMENT AGENCY OF CANADA FOR THE REGIONS OF QUEBEC,246521970,55815229134,0.44%
2004/2005,ENVIRONMENT,150783716,55815229134,0.27%
2004/2005,FINANCE,37746531203,55815229134,67.63%
2004/2005,FISHERIES AND OCEANS,87486012,55815229134,0.16%
2004/2005,FOREIGN AFFAIRS AND INTERNATIONAL TRADE (Foreign Affairs),1509452511,55815229134,2.70%
2004/2005,FOREIGN AFFAIRS AND INTERNATIONAL TRADE (International Trade),50708059,55815229134,0.09%
2004/2005,GOVERNOR GENERAL,230680,55815229134,0.00%
2004/2005,HEALTH,2084268017,55815229134,3.73%
2004/2005,HUMAN RESOURCES AND SKILLS DEVELOPMENT,1276801200,55815229134,2.29%
2004/2005,HUMAN RESOURCES DEVELOPMENT (Social Development),388402520,55815229134,0.70%
2004/2005,INDIAN AFFAIRS AND NORTHERN DEVELOPMENT,4873624761,55815229134,8.73%
2004/2005,INDUSTRY,2144343690,55815229134,3.84%
2004/2005,JUSTICE,361618312,55815229134,0.65%
2004/2005,NATIONAL DEFENCE,139303626,55815229134,0.25%
2004/2005,NATURAL RESOURCES,636484650,55815229134,1.14%
2004/2005,OFFICE OF INFRASTRUCTURE OF CANADA,199351775,55815229134,0.36%
2004/2005,PARLIAMENT,1426684,55815229134,0.00%
2004/2005,PRIVY COUNCIL,39832803,55815229134,0.07%
2004/2005,PUBLIC WORKS AND GOVERNMENT SERVICES,444676325,55815229134,0.80%
2004/2005,SOLICITOR GENERAL (Public Safety and Emergency Preparedness),205708263,55815229134,0.37%
2004/2005,TRANSPORT,416543740,55815229134,0.75%
2004/2005,TREASURY BOARD,16504501,55815229134,0.03%
2004/2005,VETERANS AFFAIRS,21991144,55815229134,0.04%
2004/2005,WESTERN ECONOMIC DIVERSIFICATION,251899038,55815229134,0.45%
2005/2006,AGRICULTURE AND AGRI-FOOD,818690789,65325487362,1.25%
2005/2006,ATLANTIC CANADA OPPORTUNITIES AGENCY,277862470,65325487362,0.43%
2005/2006,CANADA REVENUE AGENCY,165178968,65325487362,0.25%
2005/2006,CANADIAN HERITAGE,712178410,65325487362,1.09%
2005/2006,CITIZENSHIP AND IMMIGRATION,380957673,65325487362,0.58%
2005/2006,ECONOMIC DEVELOPMENT AGENCY OF CANADA FOR THE REGIONS OF QUEBEC,244360411,65325487362,0.37%
2005/2006,ENVIRONMENT,200875126,65325487362,0.31%
2005/2006,FINANCE,44160692281,65325487362,67.60%
2005/2006,FISHERIES AND OCEANS,73878048,65325487362,0.11%
2005/2006,FOREIGN AFFAIRS AND INTERNATIONAL TRADE,2936728683,65325487362,4.50%
2005/2006,GOVERNOR GENERAL,234890,65325487362,0.00%
2005/2006,HEALTH,2072326669,65325487362,3.17%
2005/2006,HUMAN RESOURCES AND SOCIAL DEVELOPMENT,1806789904,65325487362,2.77%
2005/2006,INDIAN AFFAIRS AND NORTHERN DEVELOPMENT,4939422087,65325487362,7.56%
2005/2006,INDUSTRY,2454973659,65325487362,3.76%
2005/2006,JUSTICE,348994095.8,65325487362,0.53%
2005/2006,NATIONAL DEFENCE,177963477,65325487362,0.27%
2005/2006,NATURAL RESOURCES,972551246,65325487362,1.49%
2005/2006,PARLIAMENT,693619,65325487362,0.00%
2005/2006,PRIVY COUNCIL,53141151,65325487362,0.08%
2005/2006,PUBLIC SAFETY AND EMERGENCY PREPAREDNESS,225933229,65325487362,0.35%
2005/2006,PUBLIC WORKS AND GOVERNMENT SERVICES,109138410,65325487362,0.17%
2005/2006,"TRANSPORT (Transport, Infrastructure and Communities)",1924685809,65325487362,2.95%
2005/2006,TREASURY BOARD,8442438,65325487362,0.01%
2005/2006,VETERANS AFFAIRS,21294486,65325487362,0.03%
2005/2006,WESTERN ECONOMIC DIVERSIFICATION,237499334,65325487362,0.36%
2006/2007,AGRICULTURE AND AGRI-FOOD,1084191709,62557958382,1.73%
2006/2007,ATLANTIC CANADA OPPORTUNITIES AGENCY,251133748,62557958382,0.40%
2006/2007,CANADA REVENUE AGENCY,439944,62557958382,0.00%
2006/2007,CANADIAN HERITAGE,1019686594,62557958382,1.63%
2006/2007,CITIZENSHIP AND IMMIGRATION,484567313,62557958382,0.77%
2006/2007,ECONOMIC DEVELOPMENT AGENCY OF CANADA FOR THE REGIONS OF QUEBEC,268392119,62557958382,0.43%
2006/2007,ENVIRONMENT,36670315,62557958382,0.06%
2006/2007,FINANCE,38441220980,62557958382,61.45%
2006/2007,FISHERIES AND OCEANS,132606772,62557958382,0.21%
2006/2007,FOREIGN AFFAIRS AND INTERNATIONAL TRADE,3399430801,62557958382,5.43%
2006/2007,GOVERNOR GENERAL,360195,62557958382,0.00%
2006/2007,HEALTH,2072222700,62557958382,3.31%
2006/2007,HUMAN RESOURCES AND SKILLS DEVELOPMENT,4256975227,62557958382,6.80%
2006/2007,INDIAN AFFAIRS AND NORTHERN DEVELOPMENT,5228762334,62557958382,8.36%
2006/2007,INDUSTRY,2231896992,62557958382,3.57%
2006/2007,JUSTICE,341390426,62557958382,0.55%
2006/2007,NATIONAL DEFENCE,176236766,62557958382,0.28%
2006/2007,NATURAL RESOURCES,895344251,62557958382,1.43%
2006/2007,PARLIAMENT,759617,62557958382,0.00%
2006/2007,PRIVY COUNCIL,27614614,62557958382,0.04%
2006/2007,PUBLIC SAFETY AND EMERGENCY PREPAREDNESS,128260680,62557958382,0.21%
2006/2007,PUBLIC WORKS AND GOVERNMENT SERVICES,33193157,62557958382,0.05%
2006/2007,TRANSPORT,1708852114,62557958382,2.73%
2006/2007,TREASURY BOARD,35257165,62557958382,0.06%
2006/2007,VETERANS AFFAIRS,20623973,62557958382,0.03%
2006/2007,WESTERN ECONOMIC DIVERSIFICATION,281867876,62557958382,0.45%
2007/2008,AGRICULTURE AND AGRI-FOOD,965568537,74342213359,1.30%
2007/2008,ATLANTIC CANADA OPPORTUNITIES AGENCY,243516778,74342213359,0.33%
2007/2008,CANADA REVENUE AGENCY,681993,74342213359,0.00%
2007/2008,CANADIAN HERITAGE,1012524039,74342213359,1.36%
2007/2008,CITIZENSHIP AND IMMIGRATION,578139568,74342213359,0.78%
2007/2008,ECONOMIC DEVELOPMENT AGENCY OF CANADA FOR THE REGIONS OF QUEBEC,257098703,74342213359,0.35%
2007/2008,ENVIRONMENT,168820186,74342213359,0.23%
2007/2008,FINANCE,47071858893,74342213359,63.32%
2007/2008,FISHERIES AND OCEANS,64964665,74342213359,0.09%
2007/2008,FOREIGN AFFAIRS AND INTERNATIONAL TRADE,3131377128,74342213359,4.21%
2007/2008,GOVERNOR GENERAL,368016,74342213359,0.00%
2007/2008,HEALTH,2162642637,74342213359,2.91%
2007/2008,HUMAN RESOURCES AND SKILLS DEVELOPMENT,4301791202,74342213359,5.79%
2007/2008,INDIAN AFFAIRS AND NORTHERN DEVELOPMENT,6424245575,74342213359,8.64%
2007/2008,INDUSTRY,2279993399,74342213359,3.07%
2007/2008,JUSTICE,351663449,74342213359,0.47%
2007/2008,NATIONAL DEFENCE,158929335,74342213359,0.21%
2007/2008,NATURAL RESOURCES,2563323328,74342213359,3.45%
2007/2008,PARLIAMENT,772370,74342213359,0.00%
2007/2008,PRIVY COUNCIL,29287934,74342213359,0.04%
2007/2008,PUBLIC SAFETY AND EMERGENCY PREPAREDNESS,177952963,74342213359,0.24%
2007/2008,PUBLIC WORKS AND GOVERNMENT SERVICES,-27070464,74342213359,-0.04%
2007/2008,TRANSPORT,2212733898,74342213359,2.98%
2007/2008,TREASURY BOARD,568501,74342213359,0.00%
2007/2008,VETERANS AFFAIRS,19615737,74342213359,0.03%
2007/2008,WESTERN ECONOMIC DIVERSIFICATION,190844989,74342213359,0.26%
2008/2009,AGRICULTURE AND AGRI-FOOD,1129005079,77684488188,1.45%
2008/2009,ATLANTIC CANADA OPPORTUNITIES AGENCY,217462420,77684488188,0.28%
2008/2009,CANADA REVENUE AGENCY,1812230,77684488188,0.00%
2008/2009,CANADIAN HERITAGE,972453719,77684488188,1.25%
2008/2009,CITIZENSHIP AND IMMIGRATION,744102782,77684488188,0.96%
2008/2009,ECONOMIC DEVELOPMENT AGENCY OF CANADA FOR THE REGIONS OF QUEBEC,221221332,77684488188,0.28%
2008/2009,ENVIRONMENT,223925509,77684488188,0.29%
2008/2009,FINANCE,47663107201,77684488188,61.35%
2008/2009,FISHERIES AND OCEANS,85618036,77684488188,0.11%
2008/2009,FOREIGN AFFAIRS AND INTERNATIONAL TRADE,3593697850,77684488188,4.63%
2008/2009,GOVERNOR GENERAL,375306,77684488188,0.00%
2008/2009,HEALTH,2578216763,77684488188,3.32%
2008/2009,HUMAN RESOURCES AND SKILLS DEVELOPMENT,4849477749,77684488188,6.24%
2008/2009,INDIAN AFFAIRS AND NORTHERN DEVELOPMENT,5591917081,77684488188,7.20%
2008/2009,INDUSTRY,2391579673,77684488188,3.08%
2008/2009,JUSTICE,364988715,77684488188,0.47%
2008/2009,NATIONAL DEFENCE,181862429,77684488188,0.23%
2008/2009,NATURAL RESOURCES,3772912806,77684488188,4.86%
2008/2009,PARLIAMENT,853078,77684488188,0.00%
2008/2009,PRIVY COUNCIL,57333077,77684488188,0.07%
2008/2009,PUBLIC SAFETY AND EMERGENCY PREPAREDNESS,240739839,77684488188,0.31%
2008/2009,PUBLIC WORKS AND GOVERNMENT SERVICES,-15717397,77684488188,-0.02%
2008/2009,TRANSPORT,2617158627,77684488188,3.37%
2008/2009,TREASURY BOARD,685801,77684488188,0.00%
2008/2009,VETERANS AFFAIRS,18987719,77684488188,0.02%
2008/2009,WESTERN ECONOMIC DIVERSIFICATION,180710764,77684488188,0.23%
2009/2010,Agriculture and Agri-Food,1754757633,1.30645E+11,1.34%
2009/2010,Atlantic Canada Opportunities Agency,306875278,1.30645E+11,0.23%
2009/2010,Canada Revenue Agency,426646685,1.30645E+11,0.33%
2009/2010,Canadian Heritage,1188549047,1.30645E+11,0.91%
2009/2010,Citizenship and Immigration,938463595,1.30645E+11,0.72%
2009/2010,Economic Development Agency of Canada for the Regions of Quebec,341994449,1.30645E+11,0.26%
2009/2010,Environment,145129582,1.30645E+11,0.11%
2009/2010,Finance,50359284610,1.30645E+11,38.55%
2009/2010,Fisheries and Oceans,111779776,1.30645E+11,0.09%
2009/2010,Foreign Affairs and International Trade,10732385563,1.30645E+11,8.21%
2009/2010,Governor General,398679,1.30645E+11,0.00%
2009/2010,Health,2765094098,1.30645E+11,2.12%
2009/2010,Human Resources and Skills Development,40695726207,1.30645E+11,31.15%
2009/2010,Indian Affairs and Northern Development,6008214333,1.30645E+11,4.60%
2009/2010,Industry,3998209267,1.30645E+11,3.06%
2009/2010,Justice,385364931,1.30645E+11,0.29%
2009/2010,National Defence,235981040,1.30645E+11,0.18%
2009/2010,Natural Resources,2545351050,1.30645E+11,1.95%
2009/2010,Parliament,1434878,1.30645E+11,0.00%
2009/2010,Privy Council,27335739,1.30645E+11,0.02%
2009/2010,Public Safety and Emergency Preparedness,364413888,1.30645E+11,0.28%
2009/2010,Public Works and Government Services,1707999,1.30645E+11,0.00%
2009/2010,Transport,4516952869,1.30645E+11,3.46%
2009/2010,Treasury Board,883006,1.30645E+11,0.00%
2009/2010,Veterans Affairs,2432575876,1.30645E+11,1.86%
2009/2010,Western Economic Diversification,359584410,1.30645E+11,0.28%
2010/2011,Atlantic Canada Opportunities Agency,313825963,1.37677E+11,0.23%
2010/2011,Agriculture and Agri-Food,1828747323,1.37677E+11,1.33%
2010/2011,Canada Revenue Agency,446134606,1.37677E+11,0.32%
2010/2011,Canadian Heritage,1085465173,1.37677E+11,0.79%
2010/2011,Citizenship and Immigration,953050395,1.37677E+11,0.69%
2010/2011,Environment,155985205,1.37677E+11,0.11%
2010/2011,Finance,55463591822,1.37677E+11,40.29%
2010/2011,Fisheries and Oceans,127009109,1.37677E+11,0.09%
2010/2011,Foreign Affairs and International Trade,4119276944,1.37677E+11,2.99%
2010/2011,Governor General,450004,1.37677E+11,0.00%
2010/2011,Health,2761042897,1.37677E+11,2.01%
2010/2011,Human Resources and Skills Development,45170549696,1.37677E+11,32.81%
2010/2011,Indian Affairs and Northern Development,6676415220,1.37677E+11,4.85%
2010/2011,Industry,3959592688,1.37677E+11,2.88%
2010/2011,Justice,386210629,1.37677E+11,0.28%
2010/2011,National Defence,266330609,1.37677E+11,0.19%
2010/2011,Natural Resources,3450503917,1.37677E+11,2.51%
2010/2011,Parliament,1301901,1.37677E+11,0.00%
2010/2011,Privy Council,31141243,1.37677E+11,0.02%
2010/2011,Public Works and Government Services,3383465,1.37677E+11,0.00%
2010/2011,Public Safety and Emergency Preparedness,505321189,1.37677E+11,0.37%
2010/2011,Transport,6594352663,1.37677E+11,4.79%
2010/2011,Treasury Board,948785,1.37677E+11,0.00%
2010/2011,Veterans Affairs,2546469036,1.37677E+11,1.85%
2010/2011,Western Economic Diversification,405357691,1.37677E+11,0.29%
2010/2011,Economic Development Agency of Canada for the Regions of Quebec,424152762,1.37677E+11,0.31%
2011/2012,Agriculture and Agri-Food,1745224816,1.33306E+11,1.31%
2011/2012,Foreign Affairs and International Trade,4416318717,1.33306E+11,3.31%
2011/2012,Finance,55991090366,1.33306E+11,42.00%
2011/2012,Environment,122882029,1.33306E+11,0.09%
2011/2012,Governor General,523069,1.33306E+11,0.00%
2011/2012,Parliament,1307989,1.33306E+11,0.00%
2011/2012,Economic Development Agency of Canada for the Regions of Quebec,252575814,1.33306E+11,0.19%
2011/2012,Justice,382047101,1.33306E+11,0.29%
2011/2012,Human Resources and Skills Development,44502348547,1.33306E+11,33.38%
2011/2012,Privy Council,92562909,1.33306E+11,0.07%
2011/2012,National Defence,209746121,1.33306E+11,0.16%
2011/2012,Veterans Affairs,2511673995,1.33306E+11,1.88%
2011/2012,Health,2775776432,1.33306E+11,2.08%
2011/2012,Atlantic Canada Opportunities Agency,236470120,1.33306E+11,0.18%
2011/2012,Industry,3075911904,1.33306E+11,2.31%
2011/2012,Public Safety and Emergency Preparedness,383618589,1.33306E+11,0.29%
2011/2012,Transport,4903097977,1.33306E+11,3.68%
2011/2012,Canadian Heritage,1074958046,1.33306E+11,0.81%
2011/2012,Natural Resources,2510675590,1.33306E+11,1.88%
2011/2012,Indian Affairs and Northern Development,6453905545,1.33306E+11,4.84%
2011/2012,Western Economic Diversification,140346496,1.33306E+11,0.11%
2011/2012,Treasury Board,944184,1.33306E+11,0.00%
2011/2012,Citizenship and Immigration,948590233,1.33306E+11,0.71%
2011/2012,Fisheries and Oceans,128647360,1.33306E+11,0.10%
2011/2012,Public Works and Government Services,5211719,1.33306E+11,0.00%
2011/2012,Canada Revenue Agency,439829226,1.33306E+11,0.33%
2012/2013,Agriculture and Agri-Food,1941093773,1.35512E+11,1.43%
2012/2013,Foreign Affairs and International Trade,4029978120,1.35512E+11,2.97%
2012/2013,Finance,57358967333,1.35512E+11,42.33%
2012/2013,Environment,143659974,1.35512E+11,0.11%
2012/2013,Governor General,536517,1.35512E+11,0.00%
2012/2013,Parliament,1288939,1.35512E+11,0.00%
2012/2013,Economic Development Agency of Canada for the Regions of Quebec,247508999,1.35512E+11,0.18%
2012/2013,Justice,384829578,1.35512E+11,0.28%
2012/2013,Human Resources and Skills Development,47188219372,1.35512E+11,34.82%
2012/2013,Privy Council,24366283,1.35512E+11,0.02%
2012/2013,National Defence,181704968,1.35512E+11,0.13%
2012/2013,Veterans Affairs,2578929335,1.35512E+11,1.90%
2012/2013,Health,2813104292,1.35512E+11,2.08%
2012/2013,Atlantic Canada Opportunities Agency,233185297,1.35512E+11,0.17%
2012/2013,Industry,3069315898,1.35512E+11,2.26%
2012/2013,Public Safety and Emergency Preparedness,585711797,1.35512E+11,0.43%
2012/2013,Transport,4310207817,1.35512E+11,3.18%
2012/2013,Canadian Heritage,1043093824,1.35512E+11,0.77%
2012/2013,Natural Resources,1110131789,1.35512E+11,0.82%
2012/2013,Indian Affairs and Northern Development,6729727214,1.35512E+11,4.97%
2012/2013,Western Economic Diversification,135483719,1.35512E+11,0.10%
2012/2013,Treasury Board,659817,1.35512E+11,0.00%
2012/2013,Citizenship and Immigration,933201546,1.35512E+11,0.69%
2012/2013,Fisheries and Oceans,88186047,1.35512E+11,0.07%
2012/2013,Public Works and Government Services,4429304,1.35512E+11,0.00%
2012/2013,Canada Revenue Agency,374921462,1.35512E+11,0.28%
2013/2014,Agriculture and Agri-Food,1573311564,1.39614E+11,1.13%
2013/2014,"Foreign Affairs, Trade and Development",3888343116,1.39614E+11,2.79%
2013/2014,Finance,60185445254,1.39614E+11,43.11%
2013/2014,Environment,95543175,1.39614E+11,0.07%
2013/2014,Governor General,545374,1.39614E+11,0.00%
2013/2014,Parliament,1395529,1.39614E+11,0.00%
2013/2014,Economic Development Agency of Canada for the Regions of Quebec,225935280,1.39614E+11,0.16%
2013/2014,Justice,346059344,1.39614E+11,0.25%
2013/2014,Employment and Social Development,48632790505,1.39614E+11,34.83%
2013/2014,Privy Council Office,16453889,1.39614E+11,0.01%
2013/2014,National Defence,168274697,1.39614E+11,0.12%
2013/2014,Veterans Affairs,2635520506,1.39614E+11,1.89%
2013/2014,Health,2957013259,1.39614E+11,2.12%
2013/2014,Atlantic Canada Opportunities Agency,236733461,1.39614E+11,0.17%
2013/2014,Industry,2871326981,1.39614E+11,2.06%
2013/2014,Public Safety and Emergency Preparedness,1355134977,1.39614E+11,0.97%
2013/2014,Transport,526447636,1.39614E+11,0.38%
2013/2014,Canadian Heritage,1131976037,1.39614E+11,0.81%
2013/2014,Natural Resources,1199322177,1.39614E+11,0.86%
2013/2014,Indian Affairs and Northern Development,6603520592,1.39614E+11,4.73%
2013/2014,Western Economic Diversification,143006398,1.39614E+11,0.10%
2013/2014,Treasury Board,623199,1.39614E+11,0.00%
2013/2014,Citizenship and Immigration,956179457,1.39614E+11,0.68%
2013/2014,Canadian Northern Economic Development Agency,36499299,1.39614E+11,0.03%
2013/2014,Fisheries and Oceans,85270463,1.39614E+11,0.06%
2013/2014,Public Works and Government Services,-733,1.39614E+11,0.00%
2013/2014,Canada Revenue Agency,277748609,1.39614E+11,0.20%
2013/2014,Office of Infrastructure of Canada,3463223390,1.39614E+11,2.48%
2014/2015,Agriculture and Agri-Food,1346346606,1.42212E+11,0.95%
2014/2015,"Foreign Affairs, Trade and Development",3858024371,1.42212E+11,2.71%
2014/2015,Finance,61955647882,1.42212E+11,43.57%
2014/2015,Environment,117162937,1.42212E+11,0.08%
2014/2015,Office of the Governor General's Secretary,551361,1.42212E+11,0.00%
2014/2015,Parliament,1458384,1.42212E+11,0.00%
2014/2015,Economic Development Agency of Canada for the Regions of Quebec,212168051,1.42212E+11,0.15%
2014/2015,Justice,349244848,1.42212E+11,0.25%
2014/2015,Employment and Social Development,50940884181,1.42212E+11,35.82%
2014/2015,Privy Council Office,8793204,1.42212E+11,0.01%
2014/2015,National Defence,138016210,1.42212E+11,0.10%
2014/2015,Veterans Affairs,2534085750,1.42212E+11,1.78%
2014/2015,Health,3037984392,1.42212E+11,2.14%
2014/2015,Atlantic Canada Opportunities Agency,231078546,1.42212E+11,0.16%
2014/2015,Industry,2776417221,1.42212E+11,1.95%
2014/2015,Public Safety and Emergency Preparedness,714445138,1.42212E+11,0.50%
2014/2015,Transport,646894475,1.42212E+11,0.45%
2014/2015,Canadian Heritage,1268638736,1.42212E+11,0.89%
2014/2015,Natural Resources,1193106681,1.42212E+11,0.84%
2014/2015,Indian Affairs and Northern Development,6437130414,1.42212E+11,4.53%
2014/2015,Western Economic Diversification,121697675,1.42212E+11,0.09%
2014/2015,Treasury Board,733176,1.42212E+11,0.00%
2014/2015,Citizenship and Immigration,989896724,1.42212E+11,0.70%
2014/2015,Canadian Northern Economic Development Agency,34119582,1.42212E+11,0.02%
2014/2015,Fisheries and Oceans,89709841,1.42212E+11,0.06%
2014/2015,Public Works and Government Services,0,1.42212E+11,0.00%
2014/2015,Canada Revenue Agency,199642567,1.42212E+11,0.14%
2014/2015,Office of Infrastructure of Canada,3008522222,1.42212E+11,2.12%
2015/2016,Agriculture and Agri-Food,1269908164,1.52054E+11,0.84%
2015/2016,Canadian Heritage,1058159796,1.52054E+11,0.70%
2015/2016,Environment and Climate Change,135641976,1.52054E+11,0.09%
2015/2016,"Families, Children and Social Development",58432059776,1.52054E+11,38.43%
2015/2016,Finance,64105301900,1.52054E+11,42.16%
2015/2016,"Fisheries, Oceans and the Canadian Coast Guard",94266293,1.52054E+11,0.06%
2015/2016,Global Affairs,4122657019,1.52054E+11,2.71%
2015/2016,Health,3069228711,1.52054E+11,2.02%
2015/2016,"Immigration, Refugees and Citizenship",1083445380,1.52054E+11,0.71%
2015/2016,Indigenous and Northern Affairs,6575105919,1.52054E+11,4.32%
2015/2016,Infrastructure and Communities,3077975645,1.52054E+11,2.02%
2015/2016,"Innovation, Science and Economic Development",3624373243,1.52054E+11,2.38%
2015/2016,Justice,350163740,1.52054E+11,0.23%
2015/2016,National Defence,153575771,1.52054E+11,0.10%
2015/2016,National Revenue,430654377,1.52054E+11,0.28%
2015/2016,Natural Resources,606293387,1.52054E+11,0.40%
2015/2016,Office of the Governor General's Secretary,560186,1.52054E+11,0.00%
2015/2016,Parliament,1478376,1.52054E+11,0.00%
2015/2016,Privy Council,104994432,1.52054E+11,0.07%
2015/2016,Public Safety and Emergency Preparedness,472577240,1.52054E+11,0.31%
2015/2016,Public Services and Procurement,310,1.52054E+11,0.00%
2015/2016,Transport,591009636,1.52054E+11,0.39%
2015/2016,Treasury Board,555978,1.52054E+11,0.00%
2015/2016,Veterans Affairs,2694046671,1.52054E+11,1.77%
2016/2017,Agriculture and Agri-Food,1573796728,1.56108E+11,1.01%
2016/2017,Canadian Heritage,1205604891,1.56108E+11,0.77%
2016/2017,Environment and Climate Change,171280641,1.56108E+11,0.11%
2016/2017,"Families, Children and Social Development",55097526418,1.56108E+11,35.29%
2016/2017,Finance,67020968543,1.56108E+11,42.93%
2016/2017,"Fisheries, Oceans and the Canadian Coast Guard",99552292,1.56108E+11,0.06%
2016/2017,Global Affairs,4314712271,1.56108E+11,2.76%
2016/2017,Health,3287751804,1.56108E+11,2.11%
2016/2017,"Immigration, Refugees and Citizenship",1187264671,1.56108E+11,0.76%
2016/2017,Indigenous and Northern Affairs,8152087541,1.56108E+11,5.22%
2016/2017,Infrastructure and Communities,3119709209,1.56108E+11,2.00%
2016/2017,"Innovation, Science and Economic Development",4879905638,1.56108E+11,3.13%
2016/2017,Justice,374952104,1.56108E+11,0.24%
2016/2017,National Defence,152945908,1.56108E+11,0.10%
2016/2017,National Revenue,319549465,1.56108E+11,0.20%
2016/2017,Natural Resources,712453903,1.56108E+11,0.46%
2016/2017,Office of the Governor General's Secretary,567469,1.56108E+11,0.00%
2016/2017,Parliament,1441048,1.56108E+11,0.00%
2016/2017,Privy Council,1211213,1.56108E+11,0.00%
2016/2017,Public Safety and Emergency Preparedness,1248310492,1.56108E+11,0.80%
2016/2017,Public Services and Procurement,31455045,1.56108E+11,0.02%
2016/2017,Transport,379189110,1.56108E+11,0.24%
2016/2017,Treasury Board,1134773,1.56108E+11,0.00%
2016/2017,Veterans Affairs,2774634334,1.56108E+11,1.78%
2017/2018,Finance,68970038016,1.6369E+11,42.13%
2017/2018,"Families, Children and Social Development",56596720839,1.6369E+11,34.58%
2017/2018,Office of the Governor General's Secretary,647449,1.6369E+11,0.00%
2017/2018,Agriculture and Agri-Food,1269797400,1.6369E+11,0.78%
2017/2018,Health,2984912909,1.6369E+11,1.82%
2017/2018,Natural Resources,910797559,1.6369E+11,0.56%
2017/2018,Indigenous and Northern Affairs,7168289846,1.6369E+11,4.38%
2017/2018,Indigenous Services,3547984530,1.6369E+11,2.17%
2017/2018,"Innovation, Science and Economic Development",5130236317,1.6369E+11,3.13%
2017/2018,Infrastructure and Communities,3608705632,1.6369E+11,2.20%
2017/2018,Transport,276983697,1.6369E+11,0.17%
2017/2018,Public Services and Procurement,6789983,1.6369E+11,0.00%
2017/2018,National Defence,154644494,1.6369E+11,0.09%
2017/2018,Global Affairs,4539007349,1.6369E+11,2.77%
2017/2018,Canadian Heritage,1281638023,1.6369E+11,0.78%
2017/2018,Treasury Board,1124288,1.6369E+11,0.00%
2017/2018,Public Safety and Emergency Preparedness,1045872126,1.6369E+11,0.64%
2017/2018,Veterans Affairs,3814670503,1.6369E+11,2.33%
2017/2018,Privy Council,2341567,1.6369E+11,0.00%
2017/2018,Environment and Climate Change,223022252,1.6369E+11,0.14%
2017/2018,"Fisheries, Oceans and the Canadian Coast Guard",128862428,1.6369E+11,0.08%
2017/2018,Justice,387732889,1.6369E+11,0.24%
2017/2018,Parliament,1557322,1.6369E+11,0.00%
2017/2018,"Immigration, Refugees and Citizenship",1304457410,1.6369E+11,0.80%
2017/2018,National Revenue,333553349,1.6369E+11,0.20%
2018/2019,Agriculture and Agri-Food,1427729234,1.74523E+11,0.82%
2018/2019,Global Affairs,4831995434,1.74523E+11,2.77%
2018/2019,Finance,71065432331,1.74523E+11,40.72%
2018/2019,Environment and Climate Change,431041350,1.74523E+11,0.25%
2018/2019,Office of the Governor General's Secretary,731662,1.74523E+11,0.00%
2018/2019,Parliament,1532910,1.74523E+11,0.00%
2018/2019,"Innovation, Science and Economic Development",3176410225,1.74523E+11,1.82%
2018/2019,Justice,400693230,1.74523E+11,0.23%
2018/2019,"Families, Children and Social Development",59870389559,1.74523E+11,34.31%
2018/2019,Democratic Institutions,1489449,1.74523E+11,0.00%
2018/2019,National Defence,209311807,1.74523E+11,0.12%
2018/2019,Veterans Affairs,3655865101,1.74523E+11,2.09%
2018/2019,Health,2797705503,1.74523E+11,1.60%
2018/2019,Privy Council,7431001,1.74523E+11,0.00%
2018/2019,Science,2111596105,1.74523E+11,1.21%
2018/2019,Public Safety and Emergency Preparedness,863830782,1.74523E+11,0.49%
2018/2019,Transport,276102401,1.74523E+11,0.16%
2018/2019,Natural Resources,746782277,1.74523E+11,0.43%
2018/2019,Crown-Indigenous Relations,3570191510,1.74523E+11,2.05%
2018/2019,Treasury Board,1213238,1.74523E+11,0.00%
2018/2019,"Immigration, Refugees and Citizenship",1437038724,1.74523E+11,0.82%
2018/2019,Women and Gender Equality,29273977,1.74523E+11,0.02%
2018/2019,"Fisheries, Oceans and the Canadian Coast Guard",185375377,1.74523E+11,0.11%
2018/2019,Public Services and Procurement,-3227257,1.74523E+11,0.00%
2018/2019,National Revenue,1002503765,1.74523E+11,0.57%
2018/2019,Canadian Heritage and Multiculturalism,1186876436,1.74523E+11,0.68%
2018/2019,Infrastructure and Communities,5449773452,1.74523E+11,3.12%
2018/2019,Indigenous Services,9787946287,1.74523E+11,5.61%